{
    "loss": 1.8382172584533691,
    "accuracy": 0.818965494632721
}